INSERT INTO Patients (patient_ID, first_name, last_name, address) 
VALUES
  (4456, 'John', 'Doe', '123 Maple St, Denver, CO'),
  (3232, 'Jane', 'Smith', '456 Oak Ave, Chicago, IL'),
  (8678, 'Robert', 'Johnson', '789 Pine Rd, Dallas, TX'),
  (1765, 'Emily', 'Davis', '101 Elm Blvd, Los Angeles, CA'),
  (4599, 'Michael', 'Brown', '202 Birch Dr, Atlanta, GA'),
  (3365, 'Mary', 'Wilson', '303 Cedar Ln, Miami, FL'),
  (1299, 'David', 'Jones', '404 Willow Way, Boston, MA'),
  (8256, 'Sarah', 'Miller', '505 Cherry St, Phoenix, AZ'),
  (1183, 'James', 'Anderson', '606 Ash Ct, Seattle, WA'),
  (2698, 'Jessica', 'Thomas', '707 Birchwood Dr, Portland, OR'),
  (3531, 'Daniel', 'Moore', '808 Maplewood Ln, Denver, CO'),
  (4982, 'Sophia', 'Martinez', '909 Cedar Ridge Rd, New York, NY'),
  (1785, 'Andrew', 'Lee', '1001 Oakwood Ave, Nashville, TN'),
  (4954, 'Ava', 'Clark', '1102 Pinecrest Blvd, San Francisco, CA'),
  (2289, 'Christopher', 'King', '1203 Elmwood Dr, Houston, TX'),
  (5679, 'Olivia', 'Flores', '1304 Willow St, Salt Lake City, UT'),
  (2894, 'Matthew', 'Hall', '1405 Cherry Hill Rd, Minneapolis, MN'),
  (2779, 'Isabella', 'Garcia', '1506 Birchwood Ave, Dallas, TX'),
  (2664, 'Ethan', 'Hernandez', '1607 Maple Ln, Washington, D.C.'),
  (2548, 'Mia', 'Lopez', '1708 Oakwood Dr, San Diego, CA'),
  (2433, 'Alexander', 'Hill', '1809 Pinehill Rd, Tampa, FL'),
  (2318, 'Amelia', 'Scott', '1901 Cedar Blvd, Cleveland, OH'),
  (2203, 'Jackson', 'Rodriguez', '2002 Elm St, Portland, ME'),
  (2088, 'Sophia', 'Green', '2103 Willow Rd, Charleston, SC'),
  (1972, 'Liam', 'Allen', '2204 Ash Dr, Raleigh, NC'),
  (1857, 'Abigail', 'Wright', '2305 Cherry Ln, St. Louis, MO'),
  (1742, 'Michael', 'Baker', '2406 Maplewood Ave, Richmond, VA'),
  (1627, 'Madison', 'Harris', '2507 Cedar Rd, Kansas City, MO'),
  (1512, 'Benjamin', 'Martinez', '2608 Birch Blvd, Detroit, MI'),
  (1397, 'Chloe', 'James', '2709 Oak Ln, Indianapolis, IN'),
  (1281, 'Avery', 'Thompson', '2801 Pinecrest Ave, Las Vegas, NV');

INSERT INTO Insurance (insurance_ID, insurance_name, insurance_num, deductable, co_pay) VALUES
(1, 'Blue Cross', 122001, 850, 30),
(2, 'Travelers', 122002, 300, 25),
(3, 'Aetna', 122003, 1250, 50),
(4, 'Blue Cross', 122004, 1000, 40),
(5, 'Travelers', 122005, 450, 20),
(6, 'Aetna', 122006, 200, 35),
(7, 'Blue Cross', 122007, 750, 15),
(8, 'Travelers', 122008, 1200, 45),
(9, 'Aetna', 122009, 400, 10),
(10, 'Blue Cross', 122010, 600, 50),
(11, 'Aetna', 122011, 1600, 20),
(12, 'Blue Cross', 122012, 1350, 30),
(13, 'Travelers', 122013, 100, 25),
(14, 'Aetna', 122014, 150, 15),
(15, 'Blue Cross', 122015, 1100, 40),
(16, 'Travelers', 122016, 1050, 35),
(17, 'Aetna', 122017, 500, 10),
(18, 'Blue Cross', 122018, 950, 45),
(19, 'Travelers', 122019, 700, 20),
(20, 'Aetna', 122020, 1550, 50),
(21, 'Blue Cross', 122021, 1400, 30),
(22, 'Travelers', 122022, 800, 25),
(23, 'Aetna', 122023, 1300, 15),
(24, 'Blue Cross', 122024, 1150, 40),
(25, 'Travelers', 122025, 350, 45),
(26, 'Aetna', 122026, 1500, 35),
(27, 'Blue Cross', 122027, 1450, 10),
(28, 'Travelers', 122028, 900, 20),
(29, 'Aetna', 122029, 650, 50),
(30, 'Blue Cross', 122030, 1700, 25),
(31, 'Travelers', 122031, 250, 30),
(32, 'Aetna', 122032, 1450, 15);
INSERT INTO Billing (billing_ID, date_paid, amount_paid, card_num, CVV, insurance_ID) 
VALUES
(201, '2024-01-15 00:00:00', 500, '1233 5678 9012 3456', 123, 1), 
(202, '2024-02-28 00:00:00', 1200, '9875 5432 1098 7654', 456, 6), 
(203, '2024-03-05 00:00:00', 750, '4566 8901 2345 6789', 789, 4), 
(204, '2024-04-20 00:00:00', 1000, '2344 6789 0123 4567', 321, 18), 
(205, '2024-05-10 00:00:00', 200, '8764 4321 0987 6543', 654, 32), 
(206, '2024-06-18 00:00:00', 1500, '5677 9012 3456 7890', 987, 31), 
(207, '2024-07-25 00:00:00', 1800, '3455 7890 1234 5678', 111, 8), 
(208, '2024-08-12 00:00:00', 900, '7889 1234 5678 9012', 222, 25), 
(209, '2024-09-30 00:00:00', 1100, '6542 2109 8765 4321', 333, 22), 
(210, '2024-10-14 00:00:00', 1300, '9011 3456 7890 1234', 444, 29), 
(211, '2024-11-22 00:00:00', 1600, '4320 0987 6543 2109', 555, 28), 
(212, '2024-12-05 00:00:00', 2200, '6788 0123 4567 8901', 666, 21), 
(213, '2024-01-08 00:00:00', 1400, '2108 8765 4321 0987', 777, 11), 
(214, '2024-02-14 00:00:00', 1700, '3455 7890 9012 3456', 888, 14), 
(215, '2024-03-19 00:00:00', 850, '8900 2345 6789 0123', 999, 17), 
(216, '2024-04-02 00:00:00', 1800, '7653 3210 9876 5432', 101, 19), 
(217, '2024-05-27 00:00:00', 950, '5677 1234 8901 2345', 202, 23), 
(218, '2024-06-09 00:00:00', 1250, '3455 7890 2109 8765', 303, 30), 
(219, '2024-07-16 00:00:00', 1400, '1233 5678 6543 2109', 404, 31), 
(220, '2024-08-29 00:00:00', 1750, '7889 1234 4321 0987', 505, 12), 
(221, '2024-09-03 00:00:00', 1150, '6788 9012 3456 7890', 606, 16), 
(222, '2024-10-21 00:00:00', 1600, '2108 3456 5678 9012', 707, 15), 
(223, '2024-11-11 00:00:00', 1000, '9011 7890 1234 6789', 808, 14), 
(224, '2024-12-24 00:00:00', 1300, '8764 5432 1098 3210', 909, 10), 
(225, '2024-01-31 00:00:00', 1100, '3455 1234 5678 8901', 112, 19), 
(226, '2024-02-05 00:00:00', 1500, '2344 6789 9012 3456', 223, 14), 
(227, '2024-03-25 00:00:00', 1600, '5677 9012 7654 3210', 334, 26), 
(228, '2024-04-12 00:00:00', 1800, '8900 2345 1234 5678', 445, 23), 
(229, '2024-05-30 00:00:00', 2200, '6788 0123 4567 1234', 556, 22), 
(230, '2024-06-22 00:00:00', 950, '5431 1098 7654 3456', 667, 1), 
(231, '2024-01-15 00:00:00', 1300, '9875 5432 2109 6543', 484, 7), 
(232, '2024-02-28 00:00:00', 1650, '9876 5432 2109 6543', 782, 9), 
(233, '2024-03-05 00:00:00', 2000, '9877 5432 2109 6543', 108, 15), 
(234, '2024-04-20 00:00:00', 2350, '9878 5432 2109 6543', 138, 19), 
(235, '2024-05-10 00:00:00', 2700, '9879 5432 2109 6543', 168, 12), 
(236, '2024-06-18 00:00:00', 3050, '9880 5432 2109 6543', 198, 21), 
(237, '2024-07-25 00:00:00', 3400, '9881 5432 2109 6543', 228, 31), 
(238, '2024-08-12 00:00:00', 3750, '9882 5432 2109 6543', 258, 30), 
(239, '2024-09-30 00:00:00', 4100, '9883 5432 2109 6543', 288, 1), 
(240, '2024-10-14 00:00:00', 4450, '9884 5432 2109 6543', 318, 4), 
(241, '2024-11-22 00:00:00', 4800, '9885 5432 2109 6543', 348, 23), 
(242, '2024-12-05 00:00:00', 5150, '9886 5432 2109 6543', 378, 19), 
(243, '2024-01-08 00:00:00', 5500, '9887 5432 2109 6543', 408, 24), 
(244, '2024-02-14 00:00:00', 5850, '9888 5432 2109 6543', 438, 4), 
(245, '2024-03-19 00:00:00', 6200, '9889 5432 2109 6543', 468, 6), 
(246, '2024-04-02 00:00:00', 6550, '9890 5432 2109 6543', 498, 20), 
(247, '2024-05-27 00:00:00', 6900, '9891 5432 2109 6543', 528, 28), 
(248, '2024-06-09 00:00:00', 7250, '9892 5432 2109 6543', 558, 1), 
(249, '2024-07-16 00:00:00', 7600, '9893 5432 2109 6543', 588, 29), 
(250, '2024-08-29 00:00:00', 7950, '9894 5432 2109 6543', 618, 24), 
(251, '2024-09-03 00:00:00', 8300, '9895 5432 2109 6543', 648, 17), 
(252, '2024-10-21 00:00:00', 8650, '9896 5432 2109 6543', 678, 19), 
(253, '2024-11-11 00:00:00', 9000, '9897 5432 2109 6543', 708, 10), 
(254, '2024-12-24 00:00:00', 9350, '9898 5432 2109 6543', 738, 7), 
(255, '2024-01-31 00:00:00', 9700, '9899 5432 2109 6543', 768, 11), 
(256, '2024-02-05 00:00:00', 10050, '9900 5432 2109 6543', 798, 26), 
(257, '2024-03-25 00:00:00', 10400, '9901 5432 2109 6543', 828, 3),
(258, '2024-04-12 00:00:00', 10750, '9902 5432 2109 6543', 858, 2),
(259, '2024-05-30 00:00:00', 11100, '9903 5432 2109 6543', 888, 4);

INSERT INTO Suppliers (suppliers_ID, country, suppliers_name) 
VALUES 
(301, 'USA', 'Johnson Johnson'), 
(302, 'USA', 'Davids Star'), 
(303, 'USA', 'Health & Wealth'), 
(304, 'USA', 'Supply Vortex'), 
(305, 'USA', 'Supply District'), 
(306, 'Canada', 'Supply Corner'), 
(307, 'USA', 'Bulk Supply'), 
(308, 'USA', 'Stock Spot'), 
(309, 'USA', 'Import Partner'), 
(310, 'USA', 'Office Set'), 
(311, 'Mexico', 'First Stop'), 
(312, 'USA', 'Wholesale Med'), 
(313, 'USA', 'Echo Supply'), 
(314, 'USA', 'Essence Essentials'), 
(315, 'USA', 'Medi Supply Depot'), 
(316, 'USA', 'Pharma Stock Hub'), 
(317, 'Germany', 'PharmaEase'), 
(318, 'USA', 'Health Solutions'), 
(319, 'USA', 'Lifeline supply'), 
(320, 'USA', 'Medi Direct'), 
(321, 'USA', 'PharmaPlus Essentials'), 
(322, 'USA', 'LifePath Supplies'), 
(323, 'Brazil', 'CareRx Solutions'), 
(324, 'USA', 'EssentialRx Supplies'), 
(325, 'USA', 'MedChain Depot'), 
(326, 'USA', 'HealthBridge Supplies'), 
(327, 'USA', 'MediStream Essentials'), 
(328, 'USA', 'PrimeCare Depot'), 
(329, 'USA', 'LifeAid Solutions'), 
(330, 'USA', 'Steriluxe Medical'), 
(331, 'India', 'CuraPro Supplies'), 
(332, 'USA', 'Infinity MedStore');
INSERT INTO Supplies (supply_ID, stock, category, supplier_ID) 
VALUES 
(478, 150, 'Pain Relievers', 332), 
(401, 300, 'Antibiotics', 331), 
(444, 200, 'Vitamins', 330), 
(486, 50, 'Bandages', 329), 
(420, 500, 'First Aid Kits', 328), 
(497, 120, 'Cough Syrup', 327), 
(465, 350, 'Allergy Medications', 326), 
(438, 75, 'Topical Ointments', 325), 
(411, 100, 'Diabetes Supplies', 324), 
(466, 250, 'Heart Medications', 323), 
(435, 400, 'Prescription Drugs', 322), 
(448, 80, 'Cold & Flu', 321), 
(496, 220, 'Skin Care', 320), 
(490, 180, 'Surgical Supplies', 319), 
(499, 500, 'Eye Care', 318), 
(433, 60, 'Wound Care', 317), 
(446, 350, 'Oral Care', 316), 
(487, 400, 'Chronic Care', 315), 
(456, 90, 'Medical Equipment', 314), 
(475, 280, 'Immunizations', 313), 
(415, 200, 'Diagnostic Tools', 312), 
(419, 130, 'Inhalers', 311), 
(422, 160, 'Antiseptics', 310), 
(467, 450, 'Supplements', 309), 
(489, 170, 'Baby Care', 308), 
(498, 330, 'Personal Care', 307), 
(408, 250, 'Foot Care', 306), 
(469, 180, 'Hygiene Products', 305), 
(436, 300, 'Thermometers', 304), 
(427, 400, 'Hair Care', 303), 
(418, 90, 'Over-the-Counter', 302), 
(412, 260, 'Rehabilitation', 301);
INSERT INTO Facilities (facility_ID, floor, room_num, supply_ID) 
VALUES 
(501, 1, 101, 478), 
(502, 1, 102, 401), 
(503, 1, 103, 444), 
(504, 1, 104, 486), 
(505, 1, 105, 420), 
(506, 1, 106, 497), 
(507, 1, 107, 465), 
(508, 1, 108, 438), 
(509, 1, 109, 411), 
(510, 1, 110, 466), 
(511, 2, 201, 435), 
(512, 2, 202, 448), 
(513, 2, 203, 496), 
(514, 2, 204, 490), 
(515, 2, 205, 499), 
(516, 2, 206, 433), 
(517, 2, 207, 446), 
(518, 2, 208, 487), 
(519, 2, 209, 456), 
(520, 2, 210, 475), 
(521, 3, 301, 415), 
(522, 3, 302, 419), 
(523, 3, 303, 422), 
(524, 3, 304, 467), 
(525, 3, 305, 489), 
(526, 3, 306, 498), 
(527, 3, 307, 408), 
(528, 3, 308, 469), 
(529, 3, 309, 436), 
(530, 3, 310, 427), 
(531, 4, 401, 418), 
(532, 4, 402, 412);
INSERT INTO Staff (staff_ID, first_name, last_name, facility_ID) 
VALUES 
(601, 'Alice', 'Smith', 505), 
(602, 'Bob', 'Johnson', 531), 
(603, 'John', 'Brown', 517), 
(604, 'Sarah', 'Williams', 522), 
(605, 'Emily', 'Jones', 510), 
(606, 'Michael', 'Miller', 504), 
(607, 'Jessica', 'Davis', 513), 
(608, 'David', 'Garcia', 529), 
(609, 'Laura', 'Rodriguez', 501), 
(610, 'James', 'Martinez', 512), 
(611, 'Linda', 'Hernandez', 520), 
(612, 'Robert', 'Lopez', 509), 
(613, 'Nancy', 'Gonzalez', 518), 
(614, 'Karen', 'Perez', 521), 
(615, 'William', 'Wilson', 524), 
(616, 'Jennifer', 'Anderson', 528), 
(617, 'Charles', 'Thomas', 525), 
(618, 'Amanda', 'Taylor', 506), 
(619, 'Brian', 'Moore', 512), 
(620, 'Patricia', 'Jackson', 509), 
(621, 'Thomas', 'Martin', 506), 
(622, 'Daniel', 'Lee', 503), 
(623, 'Rachel', 'Walker', 501), 
(624, 'Steven', 'Hall', 523), 
(625, 'Matthew', 'Allen', 529), 
(626, 'Elizabeth', 'Young', 513), 
(627, 'Andrew', 'King', 517), 
(628, 'Samantha', 'Wright', 501), 
(629, 'Richard', 'Scott', 520), 
(630, 'Betty', 'Torres', 523), 
(631, 'Kevin', 'Nguyen', 512), 
(632, 'Helen', 'Adams', 531);
INSERT INTO Nurses (nurse_ID, first_name, last_name, shift_day, shift_hours) 
VALUES 
(701, 'Sarah', 'Lee', 'Monday', '9:00 AM - 5:00 PM'), 
(702, 'Michael', 'Brown', 'Wednesday', '8:00 AM - 4:00 PM'), 
(703, 'Sarah', 'Lee', 'Friday', '7:00 AM - 3:00 PM'), 
(704, 'Michael', 'Brown', 'Saturday', '10:00 AM - 6:00 PM'), 
(705, 'Michael', 'Brown', 'Sunday', '8:00 AM - 4:00 PM'), 
(706, 'Emily', 'Davis', 'Tuesday', '9:00 AM - 5:00 PM'), 
(707, 'James', 'Wilson', 'Monday', '8:00 AM - 4:00 PM'), 
(708, 'Olivia', 'Taylor', 'Thursday', '7:00 AM - 3:00 PM'), 
(709, 'Emily', 'Davis', 'Friday', '9:00 AM - 5:00 PM'), 
(710, 'David', 'Moore', 'Saturday', '8:00 AM - 4:00 PM'), 
(711, 'Olivia', 'Taylor', 'Sunday', '9:00 AM - 5:00 PM'), 
(712, 'James', 'Wilson', 'Tuesday', '8:00 AM - 4:00 PM'), 
(713, 'Michael', 'Brown', 'Monday', '7:00 AM - 3:00 PM'), 
(714, 'Sarah', 'Lee', 'Wednesday', '9:00 AM - 5:00 PM'), 
(715, 'David', 'Moore', 'Friday', '10:00 AM - 6:00 PM'), 
(716, 'David', 'Moore', 'Thursday', '8:00 AM - 4:00 PM'), 
(717, 'James', 'Wilson', 'Sunday', '10:00 AM - 6:00 PM'), 
(718, 'Sarah', 'Lee', 'Tuesday', '7:00 AM - 3:00 PM'), 
(719, 'Olivia', 'Taylor', 'Saturday', '9:00 AM - 5:00 PM'), 
(720, 'David', 'Moore', 'Wednesday', '8:00 AM - 4:00 PM'), 
(721, 'James', 'Wilson', 'Thursday', '9:00 AM - 5:00 PM'), 
(722, 'David', 'Moore', 'Monday', '9:00 AM - 5:00 PM'), 
(723, 'Olivia', 'Taylor', 'Friday', '7:00 AM - 3:00 PM'), 
(724, 'Sarah', 'Lee', 'Sunday', '8:00 AM - 4:00 PM'), 
(725, 'Olivia', 'Taylor', 'Tuesday', '10:00 AM - 6:00 PM'), 
(726, 'Emily', 'Davis', 'Wednesday', '7:00 AM - 3:00 PM'), 
(727, 'James', 'Wilson', 'Saturday', '9:00 AM - 5:00 PM'), 
(728, 'Emily', 'Davis', 'Thursday', '7:00 AM - 3:00 PM'), 
(729, 'nan', 'nan', 'Monday', '8:00 AM - 4:00 PM'), 
(730, 'Michael', 'Brown', 'Tuesday', '9:00 AM - 5:00 PM'), 
(731, 'Olivia', 'Taylor', 'Monday', '9:00 AM - 5:00 PM'), 
(732, 'Emily', 'Davis', 'Saturday', '7:00 AM - 3:00 PM');
INSERT INTO Treatment (treatment_ID, medication_code) 
VALUES 
(801, 1256), 
(802, 1099), 
(803, 1401), 
(804, 1754), 
(805, 1045), 
(806, 1782), 
(807, 1289), 
(808, 1102), 
(809, 1527), 
(810, 1204), 
(811, 1600), 
(812, 1450), 
(813, 1388), 
(814, 1001), 
(815, 1234), 
(816, 1623), 
(817, 1342), 
(818, 1078), 
(819, 1157), 
(820, 1709), 
(821, 1365), 
(822, 1023), 
(823, 1473), 
(824, 1680), 
(825, 1554), 
(826, 1183), 
(827, 1725), 
(828, 1300), 
(829, 1588), 
(830, 1125), 
(831, 1506), 
(832, 1658);
INSERT INTO Pharmacy (pharmacy_ID, US_state, county, city, provider_ID) 
VALUES 
(901, 'California', 'Los Angeles County', 'Los Angeles', 10001), 
(902, 'Texas', 'Harris County', 'Houston', 10002), 
(903, 'Florida', 'Miami-Dade County', 'Miami', 10003), 
(904, 'New York', 'Kings County', 'Brooklyn', 10004), 
(905, 'Illinois', 'Cook County', 'Chicago', 10005), 
(906, 'Pennsylvania', 'Allegheny County', 'Pittsburgh', 10006), 
(907, 'Ohio', 'Cuyahoga County', 'Cleveland', 10007), 
(908, 'Georgia', 'Fulton County', 'Atlanta', 10008), 
(909, 'North Carolina', 'Mecklenburg County', 'Charlotte', 10009), 
(910, 'Michigan', 'Wayne County', 'Detroit', 10010), 
(911, 'New Jersey', 'Essex County', 'Newark', 10011), 
(912, 'Virginia', 'Fairfax County', 'Fairfax', 10012), 
(913, 'Washington', 'King County', 'Seattle', 10013), 
(914, 'Arizona', 'Maricopa County', 'Phoenix', 10014), 
(915, 'Massachusetts', 'Suffolk County', 'Boston', 10015), 
(916, 'Tennessee', 'Shelby County', 'Memphis', 10016), 
(917, 'Indiana', 'Marion County', 'Indianapolis', 10017), 
(918, 'Missouri', 'Jackson County', 'Kansas City', 10018), 
(919, 'Maryland', 'Montgomery County', 'Rockville', 10019), 
(920, 'Wisconsin', 'Milwaukee County', 'Milwaukee', 10020), 
(921, 'Colorado', 'Denver County', 'Denver', 10021), 
(922, 'Minnesota', 'Hennepin County', 'Minneapolis', 10022), 
(923, 'South Carolina', 'Charleston County', 'Charleston', 10023), 
(924, 'Alabama', 'Jefferson County', 'Birmingham', 10024), 
(925, 'Louisiana', 'Orleans Parish', 'New Orleans', 10025), 
(926, 'Kentucky', 'Jefferson County', 'Louisville', 10026), 
(927, 'Oregon', 'Multnomah County', 'Portland', 10027), 
(928, 'Oklahoma', 'Oklahoma County', 'Oklahoma City', 10028), 
(929, 'Connecticut', 'Hartford County', 'Hartford', 10029), 
(930, 'Iowa', 'Polk County', 'Des Moines', 10030), 
(931, 'Mississippi', 'Hinds County', 'Jackson', 10031), 
(932, 'Nevada', 'Clark County', 'Las Vegas', 10032), 
(933, 'Michigan', 'Wayne County', 'Detroit', 10021), 
(934, 'New York', 'Queens County', 'Queens', 10017), 
(935, 'Oregon', 'Multnomah County', 'Portland', 10028), 
(936, 'Nevada', 'Clark County', 'Las Vegas', 10018), 
(937, 'Tennessee', 'Shelby County', 'Memphis', 10030), 
(938, 'New Jersey', 'Essex County', 'Newark', 10010), 
(939, 'New York', 'Queens County', 'Queens', 10013);

INSERT INTO Providers (provider_ID, first_name, last_name, NPI, license_num, license_state) 
VALUES 
(10001, 'Dr George MD', 'Philipe', 3829037193, 436363, 'California'), 
(10002, 'Dr Vish MD', 'Swahari', 3829037193, 718295, 'Texas'), 
(10003, 'Jerry NP', 'Swindel', 4394170385, 100022, 'Florida'), 
(10004, 'Nancy MD', 'Bridgewater', 3829037193, 128215, 'New York'), 
(10005, 'Dr George MD', 'Philipe', 3829037193, 156408, 'Illinois'), 
(10006, 'Dr Vish MD', 'Swahari', 3829037193, 184601, 'Pennsylvania'), 
(10007, 'Jerry NP', 'Swindel', 4394170385, 212794, 'Ohio'), 
(10008, 'Nancy MD', 'Bridgewater', 3829037193, 240987, 'Georgia'), 
(10009, 'Dr George MD', 'Philipe', 3829037193, 269180, 'North Carolina'), 
(10010, 'Dr Vish MD', 'Swahari', 3829037193, 297373, 'Michigan'), 
(10011, 'Jerry NP', 'Swindel', 4394170385, 325566, 'New Jersey'), 
(10012, 'Nancy MD', 'Bridgewater', 3829037193, 353759, 'Virginia'), 
(10013, 'Dr George MD', 'Philipe', 3829037193, 381952, 'Washington'), 
(10014, 'Dr Vish MD', 'Swahari', 3829037193, 410145, 'Arizona'), 
(10015, 'Jerry NP', 'Swindel', 4394170385, 438338, 'Massachusetts'), 
(10016, 'Nancy MD', 'Bridgewater', 3829037193, 466531, 'Tennessee'), 
(10017, 'Dr George MD', 'Philipe', 3829037193, 494724, 'Indiana'), 
(10018, 'Dr Vish MD', 'Swahari', 3829037193, 522917, 'Missouri'), 
(10019, 'Jerry NP', 'Swindel', 4394170385, 551110, 'Maryland'), 
(10020, 'Nancy MD', 'Bridgewater', 3829037193, 579303, 'Wisconsin'), 
(10021, 'Dr George MD', 'Philipe', 3829037193, 607496, 'Colorado'), 
(10022, 'Dr Vish MD', 'Swahari', 3829037193, 635689, 'Minnesota'), 
(10023, 'Jerry NP', 'Swindel', 4394170385, 663882, 'South Carolina'), 
(10024, 'Nancy MD', 'Bridgewater', 3829037193, 692075, 'Alabama'), 
(10025, 'Dr George MD', 'Philipe', 3829037193, 720268, 'Louisiana'), 
(10026, 'Dr Vish MD', 'Swahari', 3829037193, 748461, 'Kentucky'), 
(10027, 'Jerry NP', 'Swindel', 4394170385, 776654, 'Oregon'), 
(10028, 'Nancy MD', 'Bridgewater', 3829037193, 804847, 'Oklahoma'), 
(10029, 'Dr George MD', 'Philipe', 3829037193, 833040, 'Connecticut'), 
(10030, 'Dr Vish MD', 'Swahari', 3829037193, 861233, 'Iowa'), 
(10031, 'Jerry NP', 'Swindel', 4394170385, 889426, 'Mississippi'), 
(10032, 'Nancy MD', 'Bridgewater', 3829037193, 917619, 'Nevada');
INSERT INTO Specialization (specialization_ID, specialty, provider_ID) 
VALUES 
(11001, 'Family Med', 10001), 
(11002, 'Peditracis', 10002), 
(11003, 'Family Med', 10003), 
(11004, 'Orthopedic Med', 10004), 
(11005, 'Cardiac Med', 10005), 
(11006, 'Family Med', 10006), 
(11007, 'Cardiac Med', 10007), 
(11008, 'Family Med', 10008), 
(11009, 'Peditracis', 10009), 
(11010, 'Family Med', 10010), 
(11011, 'Orthopedic Med', 10011), 
(11012, 'Cardiac Med', 10012), 
(11013, 'Family Med', 10013), 
(11014, 'Cardiac Med', 10014), 
(11015, 'Family Med', 10015), 
(11016, 'Peditracis', 10016), 
(11017, 'Family Med', 10017), 
(11018, 'Orthopedic Med', 10018), 
(11019, 'Cardiac Med', 10019), 
(11020, 'Family Med', 10020), 
(11021, 'Cardiac Med', 10021), 
(11022, 'Family Med', 10022), 
(11023, 'Peditracis', 10023), 
(11024, 'Family Med', 10024), 
(11025, 'Orthopedic Med', 10025), 
(11026, 'Cardiac Med', 10026), 
(11027, 'Family Med', 10027), 
(11028, 'Cardiac Med', 10028), 
(11029, 'Family Med', 10029), 
(11030, 'Peditracis', 10030), 
(11031, 'Family Med', 10031), 
(11032, 'Family Med', 10032);
INSERT INTO Visits (visit_ID, patient_ID, nurse_ID, provider_ID, bill_ID, facility_ID, visit_date) 
VALUES 
(12001, 4456, 701, 10001, 201, 501, '2024-01-15'), 
(12002, 3232, 702, 10002, 202, 502, '2024-02-28'), 
(12003, 8678, 703, 10003, 203, 503, '2024-03-05'), 
(12004, 1765, 704, 10004, 204, 504, '2024-04-20'), 
(12005, 4599, 705, 10005, 205, 505, '2024-05-10'), 
(12006, 3365, 706, 10006, 206, 506, '2024-06-18'), 
(12007, 1299, 707, 10007, 207, 507, '2024-07-25'), 
(12008, 8256, 708, 10008, 208, 508, '2024-08-12'), 
(12009, 1183, 709, 10009, 209, 509, '2024-09-30'), 
(12010, 2698, 710, 10010, 210, 510, '2024-10-14'), 
(12011, 3531, 711, 10011, 211, 511, '2024-11-22'), 
(12012, 4982, 712, 10012, 212, 512, '2024-12-05'), 
(12013, 1785, 713, 10013, 213, 513, '2024-01-08'), 
(12014, 4954, 714, 10014, 214, 514, '2024-02-14'), 
(12015, 2289, 715, 10015, 215, 515, '2024-03-19'), 
(12016, 5679, 716, 10016, 216, 516, '2024-04-02'), 
(12017, 2894, 717, 10017, 217, 517, '2024-05-27'), 
(12018, 2779, 718, 10018, 218, 518, '2024-06-09'), 
(12019, 2664, 719, 10019, 219, 519, '2024-07-16'), 
(12020, 2548, 720, 10020, 220, 520, '2024-08-29'), 
(12021, 2433, 721, 10021, 221, 521, '2024-09-03'), 
(12022, 2318, 722, 10022, 222, 522, '2024-10-21'), 
(12023, 2203, 723, 10023, 223, 523, '2024-11-11'), 
(12024, 2088, 724, 10024, 224, 524, '2024-12-24'), 
(12025, 1972, 725, 10025, 225, 525, '2024-01-31'), 
(12026, 1857, 726, 10026, 226, 526, '2024-02-05'), 
(12027, 1742, 727, 10027, 227, 527, '2024-03-25'), 
(12028, 1627, 728, 10028, 228, 528, '2024-04-12'), 
(12029, 1512, 729, 10029, 229, 529, '2024-05-30'), 
(12030, 1397, 730, 10030, 230, 530, '2024-06-22'), 
(12031, 8637, 731, 10031, 231, 531, '2024-01-15'), 
(12032, 1281, 732, 10032, 232, 532, '2024-02-28');

INSERT INTO Labs (lab_ID, lab_code, results, visit_ID) 
VALUES 
(13001, 1, 'Positive', 12001), 
(13002, 2, 'Negative', 12002), 
(13003, 3, 'Positive', 12003), 
(13004, 4, 'Negative', 12004), 
(13005, 5, 'Negative', 12005), 
(13006, 6, 'Positive', 12006), 
(13007, 7, 'Positive', 12007), 
(13008, 8, 'Positive', 12008), 
(13009, 9, 'Negative', 12009), 
(13010, 10, 'Positive', 12010), 
(13011, 11, 'Negative', 12011), 
(13012, 12, 'Negative', 12012), 
(13013, 13, 'Positive', 12013), 
(13014, 14, 'Positive', 12014), 
(13015, 15, 'Positive', 12015), 
(13016, 16, 'Negative', 12016), 
(13017, 17, 'Positive', 12017), 
(13018, 18, 'Negative', 12018), 
(13019, 19, 'Negative', 12019), 
(13020, 20, 'Positive', 12020), 
(13021, 21, 'Positive', 12021), 
(13022, 22, 'Positive', 12022), 
(13023, 23, 'Negative', 12023), 
(13024, 24, 'Positive', 12024), 
(13025, 25, 'Negative', 12025), 
(13026, 26, 'Negative', 12026), 
(13027, 27, 'Positive', 12027), 
(13028, 28, 'Positive', 12028), 
(13029, 29, 'Positive', 12029), 
(13030, 30, 'Negative', 12030), 
(13031, 31, 'Positive', 12031), 
(13032, 32, 'Negative', 12032);
INSERT INTO Differentials (differential_ID, diagnosis, visit_ID, treatment_ID) 
VALUES 
(14001, 'Covid_19', 12001, 801), 
(14002, 'Flu', 12002, 802), 
(14003, 'Dengue', 12003, 803), 
(14004, 'Pink eye', 12004, 804), 
(14005, 'Flu', 12005, 805), 
(14006, 'Flu', 12006, 806), 
(14007, 'Covid_19', 12007, 807), 
(14008, 'Covid_19', 12008, 808), 
(14009, 'Flu', 12009, 809), 
(14010, 'Dengue', 12010, 810), 
(14011, 'Pink eye', 12011, 811), 
(14012, 'Flu', 12012, 812), 
(14013, 'Flu', 12013, 813), 
(14014, 'Covid_19', 12014, 814), 
(14015, 'Covid_19', 12015, 815), 
(14016, 'Flu', 12016, 816), 
(14017, 'Dengue', 12017, 817), 
(14018, 'Pink eye', 12018, 818), 
(14019, 'Flu', 12019, 819), 
(14020, 'Flu', 12020, 820), 
(14021, 'Covid_19', 12021, 821), 
(14022, 'Covid_19', 12022, 822), 
(14023, 'Flu', 12023, 823), 
(14024, 'Dengue', 12024, 824), 
(14025, 'Pink eye', 12025, 825), 
(14026, 'Flu', 12026, 826), 
(14027, 'Flu', 12027, 827), 
(14028, 'Covid_19', 12028, 828), 
(14029, 'Covid_19', 12029, 829), 
(14030, 'Flu', 12030, 830), 
(14031, 'Dengue', 12031, 807), 
(14032, 'Pink eye', 12032, 808), 
(14033, 'Sore throat', 12033, 809), 
(14034, 'Fever', 12034, 810), 
(14035, 'Cold', 12035, 811), 
(14036, 'Cold', 12036, 812), 
(14037, 'Sore throat', 12037, 813), 
(14038, 'Sore throat', 12038, 814), 
(14039, 'Fever', 12039, 815), 
(14040, 'Fever', 12040, 816), 
(14041, 'Cold', 12041, 817), 
(14042, 'Cold', 12042, 818), 
(14043, 'Sore throat', 12043, 819), 
(14044, 'Sore throat', 12044, 820), 
(14045, 'Fever', 12045, 821), 
(14046, 'Fever', 12046, 822), 
(14047, 'Cold', 12047, 823), 
(14048, 'Cold', 12048, 824), 
(14049, 'Sore throat', 12049, 825), 
(14050, 'Sore throat', 12050, 826), 
(14051, 'Fever', 12051, 827), 
(14052, 'Fever', 12052, 828), 
(14053, 'Cold', 12053, 829), 
(14054, 'Cold', 12054, 830), 
(14055, 'Sore throat', 12055, 831), 
(14056, 'Sore throat', 12056, 832), 
(14057, 'Fever', 12057, 801), 
(14058, 'Fever', 12058, 802), 
(14059, 'Cold', 12059, 803);
